peak_id	is_lipid	is_adduct_fragment	is_dipeptide	known_met_id	inchi_key	skeleton
9	1		0			
33	1		0			
41	1		0			
42	1		0			
45	1		0			
46	1		0			
74	1		0			
75	1		0			
78	1		0			
79	1		0			
84	1		0			
96	1		0			
114	1		0			
115	1		0			
120	1		0			
121	1		0			
143	1		0			
147	1		0			
148	1		0			
156	1		0			
157	1		0			
162	1		0			
163	1		0			
165	1		0			
173	1		0			
176	1		0			
196	1		0			
197	1		0			
203	1		0			
204	1		0			
208	1		0			
212	1		0			
219	1		0			
228	1		0			
231	1		0			
236	1		0			
241	1		0			
247	1		0			
256	1		0			
259	1		0			
260	1		0			
267	1		0			
271	1		0			
272	1		0			
278	1		0			
290	1		0			
295	1		0			
302	1		0			
309	1		0			
325	1		0			
335	1		0			
343	1		0			
352	1		0			
355	1		0			
356	1		0			
367	1		0			
375	1		0			
376	1		0			
380	1		0			
381	1		0			
399	1		0			
400	1		0			
405	1		0			
408	1		0			
444	1		0			
446	1		0			
464	0	0	0	nad	BAWFJGJZGIEFAR-NNYOXOHSSA-N	BAWFJGJZGIEFAR
533	0	1	0		RWSXRVCMGQZWBV-WDSKDSINSA-N	RWSXRVCMGQZWBV
535	0	0	0		TXCIAUNLDRJGJZ-BILDWYJOSA-N	TXCIAUNLDRJGJZ
538	0	0	0	gthox	YPZRWBKMTBYPTK-BJDJZHNGSA-N	YPZRWBKMTBYPTK
546	0	0			LFTYTUAZOPRMMI-CFRASDGPSA-N	LFTYTUAZOPRMMI
556	1		0			
557	1		0			
560	1		0			
561	1		0			
578	1		0			
582	0	0	0		HDYANYHVCAPMJV-LXQIFKJMSA-N	HDYANYHVCAPMJV
588	1		0			
591	0					
597	0	0	0	udpg	HSCJRCZFDFQWRP-JZMIEXBBSA-N	HSCJRCZFDFQWRP
628	1		0			
633	0					
635	1		0			
662	1		0			
663	1		0			
676	1		0			
688	0	0	0	atp	ZKHQWZAMYRWXGA-KQYNXXCUSA-N	ZKHQWZAMYRWXGA
691	1		0			
692	1		0			
708	0	1	0		RWSXRVCMGQZWBV-WDSKDSINSA-N	RWSXRVCMGQZWBV
725	0	0	0		PGAVKCOVUIYSFO-XVFCMESISA-N	PGAVKCOVUIYSFO
731	1					
736	1		0			
737	1		0			
758	0					
761	0	1	0		HNDVDQJCIGZPNO-YFKPBYRVSA-N	HNDVDQJCIGZPNO
766	1		0			
790	0					
796	1		0			
797	1		0			
811	0	0	0	gdp	QGWNDRXFNXRZMB-UUOKFMHZSA-N	QGWNDRXFNXRZMB
819	1		0			
820	1		0			
836	0	0	0	adp	XTWYTFMLZFPYCI-KQYNXXCUSA-N	XTWYTFMLZFPYCI
837	0	0	0	dgdp	CIKGWCTVFSRMJU-KVQBGUIXSA-N	CIKGWCTVFSRMJU
873	0					
874	0	0	0	udp	XCCTYIAWTASOJW-XVFCMESISA-N	XCCTYIAWTASOJW
923	0					
937	0	0	0	lgt-S	VDYDCVUWILIYQF-CSMHCCOUSA-N	VDYDCVUWILIYQF
941	0					
984	0	0	0		RZJHOCXJFBBOAY-LCGIIJARSA-N	RZJHOCXJFBBOAY
986	0	1	0		HNDVDQJCIGZPNO-YFKPBYRVSA-N	HNDVDQJCIGZPNO
1019	0	1			ZDXPYRJPNDTMRX-VKHMYHEASA-N	ZDXPYRJPNDTMRX
1033	0	1	0		YPZRWBKMTBYPTK-BJDJZHNGSA-N	YPZRWBKMTBYPTK
1034	0	0	0		QGWRMTHFAZVWAM-UHFFFAOYSA-N	QGWRMTHFAZVWAM
1041	0	1	0		RWSXRVCMGQZWBV-WDSKDSINSA-N	RWSXRVCMGQZWBV
1056	0	0	0		UDMBCSSLTHHNCD-KQYNXXCUSA-N	UDMBCSSLTHHNCD
1078	0	1	0		DCXYFEDJOCDNAF-REOHCLBHSA-N	DCXYFEDJOCDNAF
1091	0	0	0	fdp	RNBGYGVWRKECFJ-ARQDHWQXSA-N	RNBGYGVWRKECFJ
1094	0	0	0		DMAPAHUEYHXRFI-WDSKDSINSA-N	DMAPAHUEYHXRFI
1115	0					
1116	0	0	0		YTTRPBWEMMPYSW-HRRFRDKFSA-N	YTTRPBWEMMPYSW
1121	0	0	0		BMVUIWJCUQSHLZ-UJGXJMNGSA-N	BMVUIWJCUQSHLZ
1133	0	1	0		AYFVYJQAPQTCCC-GBXIJSLDSA-N	AYFVYJQAPQTCCC
1138	0	1	0		AYFVYJQAPQTCCC-GBXIJSLDSA-N	AYFVYJQAPQTCCC
1168	0	1	0		RWSXRVCMGQZWBV-WDSKDSINSA-N	RWSXRVCMGQZWBV
1171	0	0	0		GAQNUGISBQJMKO-UHFFFAOYSA-N	GAQNUGISBQJMKO
1173	0					
1177	0					
1178	0					
1199	0	1	0		RWSXRVCMGQZWBV-WDSKDSINSA-N	RWSXRVCMGQZWBV
1216	0					
1224	0	0	0	acnam	SQVRNKJHWKZAKO-PFQGKNLYSA-N	SQVRNKJHWKZAKO
1225	0					
1226	0	1	0		RWSXRVCMGQZWBV-WDSKDSINSA-N	RWSXRVCMGQZWBV
1236	0	0	0	gthrd	RWSXRVCMGQZWBV-WDSKDSINSA-N	RWSXRVCMGQZWBV
1237	0					
1246	0	1	0		RWSXRVCMGQZWBV-WDSKDSINSA-N	RWSXRVCMGQZWBV
1247	0	0	0		DBUNZBWUWCIELX-JHEQGTHGSA-N	DBUNZBWUWCIELX
1251	0	1	0		YPZRWBKMTBYPTK-BJDJZHNGSA-N	YPZRWBKMTBYPTK
1257	0	0	0		OPVPGKGADVGKTG-BQBZGAKWSA-N	OPVPGKGADVGKTG
1268	0					
1275	0					
1291	0	0	0		ZJBDQZYLYHSBNP-UHFFFAOYSA-N	ZJBDQZYLYHSBNP
1304	0	1	0		RWSXRVCMGQZWBV-WDSKDSINSA-N	RWSXRVCMGQZWBV
1310	0	0	0	5mta	WUUGFSXJNOTRMR-IOSLPCCCSA-N	WUUGFSXJNOTRMR
1330	0	0	0		SUMRZKGAJUNYEE-UHFFFAOYSA-N	SUMRZKGAJUNYEE
1353	0	0	0		FKCRAVPPBFWEJD-XVFCMESISA-N	FKCRAVPPBFWEJD
1354	0					
1366	0					
1384	0	1	0		HNDVDQJCIGZPNO-YFKPBYRVSA-N	HNDVDQJCIGZPNO
1393	0	0	0		JUBGLICOZRKBCO-KNWYLTHMSA-N	JUBGLICOZRKBCO
1394	0	0	0		JUBGLICOZRKBCO-KNWYLTHMSA-N	JUBGLICOZRKBCO
1405	0					
1431	0	0	0	6pgc	BIRSGZKFKXLSJQ-SQOUGZDYSA-N	BIRSGZKFKXLSJQ
1441	0	1	0		RWSXRVCMGQZWBV-WDSKDSINSA-N	RWSXRVCMGQZWBV
1442	0					
1467	0	0	0	ins	UGQMRVRMYYASKQ-KQYNXXCUSA-N	UGQMRVRMYYASKQ
1473	0	0	0	adn	OIRDTQYFTABQOQ-KQYNXXCUSA-N	OIRDTQYFTABQOQ
1478	0	1	0		AYFVYJQAPQTCCC-GBXIJSLDSA-N	AYFVYJQAPQTCCC
1490	0	0	1		DBMVITQDGVMXEY-UHFFFAOYSA-N	DBMVITQDGVMXEY
1500	0	0	0		NBSCHQHZLSJFNQ-GASJEMHNSA-N	NBSCHQHZLSJFNQ
1501	0	0	0	g6p	NBSCHQHZLSJFNQ-GASJEMHNSA-N	NBSCHQHZLSJFNQ
1506	0	0	0		ZWZWYGMENQVNFU-UHFFFAOYSA-N	ZWZWYGMENQVNFU
1508	0					
1511	0	0	0	g3pc	SUHOQUVVVLNYQR-MRVPVSSYSA-N	SUHOQUVVVLNYQR
1538	0					
1546	0	1	0		QIVBCDIJIAJPQS-VIFPVBQESA-N	QIVBCDIJIAJPQS
1582	0					
1583	0	0	0		LLCSXHMJULHSJN-OLQVQODUSA-N	LLCSXHMJULHSJN
1593	0	0	1		BCVIOZZGJNOEQS-UHFFFAOYSA-N	BCVIOZZGJNOEQS
1594	0	0	1		BCVIOZZGJNOEQS-UHFFFAOYSA-N	BCVIOZZGJNOEQS
1595	0	0	1		YBTCBQBIJKGSJP-BQBZGAKWSA-N	YBTCBQBIJKGSJP
1596	0	0	0	uri	DRTQHJPVMGBUCF-XVFCMESISA-N	DRTQHJPVMGBUCF
1597	0					
1607	0	1	1		TUTIHHSZKFBMHM-WHFBIAKZSA-N	TUTIHHSZKFBMHM
1635	0					
1642	0	0	0		BYHJHXPTQMMKCA-QMMMGPOBSA-N	BYHJHXPTQMMKCA
1643	0	0	0		BYHJHXPTQMMKCA-QMMMGPOBSA-N	BYHJHXPTQMMKCA
1660	0					
1661	0					
1662	0					
1669	0	0	1		MDSUKZSLOATHMH-UHFFFAOYSA-N	MDSUKZSLOATHMH
1670	0	0	1		MDSUKZSLOATHMH-UHFFFAOYSA-N	MDSUKZSLOATHMH
1679	0	0	0		KTVPXOYAKDPRHY-AIHAYLRMSA-N	KTVPXOYAKDPRHY
1703	0					
1738	0	1	0		AYFVYJQAPQTCCC-GBXIJSLDSA-N	AYFVYJQAPQTCCC
1739	0					
1742	0	0	1		JZDHUJAFXGNDSB-WHFBIAKZSA-N	JZDHUJAFXGNDSB
1743	0	0	1		JZDHUJAFXGNDSB-WHFBIAKZSA-N	JZDHUJAFXGNDSB
1750	0					
1751	0					
1822	0	0	0	trp-L	QIVBCDIJIAJPQS-VIFPVBQESA-N	QIVBCDIJIAJPQS
1823	0	0	1		LSPKYLAFTPBWIL-BYPYZUCNSA-N	LSPKYLAFTPBWIL
1824	0	0	1		DVUFTQLHHHJEMK-UHFFFAOYSA-N	DVUFTQLHHHJEMK
1825	0	0	1		DVUFTQLHHHJEMK-UHFFFAOYSA-N	DVUFTQLHHHJEMK
1826	0	0	1		DVUFTQLHHHJEMK-UHFFFAOYSA-N	DVUFTQLHHHJEMK
1830	0	0	0		BUMIGZVUJKNXCO-BQBZGAKWSA-N	BUMIGZVUJKNXCO
1831	0	0	0		BUMIGZVUJKNXCO-BQBZGAKWSA-N	BUMIGZVUJKNXCO
1879	0	0	0		RGHNJXZEOKUKBD-SQOUGZDYSA-N	RGHNJXZEOKUKBD
1880	0	0	0		RGHNJXZEOKUKBD-SQOUGZDYSA-N	RGHNJXZEOKUKBD
1881	0	0	0		RGHNJXZEOKUKBD-SQOUGZDYSA-N	RGHNJXZEOKUKBD
1898	0	0	0		AEMOLEFTQBMNLQ-WAXACMCWSA-N	AEMOLEFTQBMNLQ
1917	0	0	0	cit	KRKNYBCHXYNGOX-UHFFFAOYSA-N	KRKNYBCHXYNGOX
1920	0					
1921	0	0	0		XUYPXLNMDZIRQH-LURJTMIESA-N	XUYPXLNMDZIRQH
1922	0	0	0	acmet-L	XUYPXLNMDZIRQH-LURJTMIESA-N	XUYPXLNMDZIRQH
1926	0	0	1		JHFNSBBHKSZXKB-UHFFFAOYSA-N	JHFNSBBHKSZXKB
1939	0	0	1		IJKKTQLUXOILBQ-ZBHICJROSA-N	IJKKTQLUXOILBQ
1940	0	0	0	acglu	RFMMMVDNIPUKGG-YFKPBYRVSA-N	RFMMMVDNIPUKGG
1945	0					
1946	0					
1950	0	0	0		KSMRODHGGIIXDV-YFKPBYRVSA-N	KSMRODHGGIIXDV
1966	0	0	0	3pg	OSJPPGNTCRNQQC-UWTATZPHSA-N	OSJPPGNTCRNQQC
1974	0	0	0		BZQFBWGGLXLEPQ-REOHCLBHSA-N	BZQFBWGGLXLEPQ
1992	0	0	0		FBPFZTCFMRRESA-JGWLITMVSA-N	FBPFZTCFMRRESA
1994	0	0	0		QRMZSPFSDQBLIX-UHFFFAOYSA-N	QRMZSPFSDQBLIX
2001	0	0	0	tyr-L	OUYCCCASQSFEME-QMMMGPOBSA-N	OUYCCCASQSFEME
2019	0					
2031	0					
2034	0	0	0	formet-L	PYUSHNKNPOHWEZ-YFKPBYRVSA-N	PYUSHNKNPOHWEZ
2035	0	0	0		PYUSHNKNPOHWEZ-YFKPBYRVSA-N	PYUSHNKNPOHWEZ
2038	0	0	1		IPWKGIFRRBGCJO-IMJSIDKUSA-N	IPWKGIFRRBGCJO
2039	0					
2043	0					
2058	0	0	0	arg-L	ODKSFYDXXFIFQN-BYPYZUCNSA-N	ODKSFYDXXFIFQN
2061	0	0	0	acasn-L	HXFOXFJUNFFYMO-BYPYZUCNSA-N	HXFOXFJUNFFYMO
2064	0	0	0		GTZCVFVGUGFEME-IWQZZHSRSA-N	GTZCVFVGUGFEME
2065	0	0			GTZCVFVGUGFEME-IWQZZHSRSA-N	GTZCVFVGUGFEME
2068	0	0	0		WXNXCEHXYPACJF-ZETCQYMHSA-N	WXNXCEHXYPACJF
2081	0	0	0	glyc3p	AWUCVROLDVIAJX-GSVOUGTGSA-N	AWUCVROLDVIAJX
2082	0	0	0		AWUCVROLDVIAJX-GSVOUGTGSA-N	AWUCVROLDVIAJX
2088	0	0	0		LXJXRIRHZLFYRP-VKHMYHEASA-N	LXJXRIRHZLFYRP
2089	0	0	0		LXJXRIRHZLFYRP-VKHMYHEASA-N	LXJXRIRHZLFYRP
2090	0	0	0		CQQGIWJSICOUON-UWTATZPHSA-N	CQQGIWJSICOUON
2107	0	0	0		YCFJXOFFQLPCHD-UHFFFAOYSA-N	YCFJXOFFQLPCHD
2115	0	0	0	phe-L	COLNVLDHVKWLRT-QMMMGPOBSA-N	COLNVLDHVKWLRT
2116	0	0	0		QEFRNWWLZKMPFJ-YGVKFDHGSA-N	QEFRNWWLZKMPFJ
2117	0	1	0		FFEARJCKVFRZRR-BYPYZUCNSA-N	FFEARJCKVFRZRR
2143	0	0	0		NPOAOTPXWNWTSH-UHFFFAOYSA-N	NPOAOTPXWNWTSH
2146	0	0	0		PEDXUVCGOLSNLQ-WUJLRWPWSA-N	PEDXUVCGOLSNLQ
2147	0	0	0		PEDXUVCGOLSNLQ-WUJLRWPWSA-N	PEDXUVCGOLSNLQ
2148	0	0	0	L2aadp	OYIFNHCXNCRBQI-BYPYZUCNSA-N	OYIFNHCXNCRBQI
2157	0	1	0		ROHFNLRQFUQHCH-YFKPBYRVSA-N	ROHFNLRQFUQHCH
2170	0	0	0		HNDVDQJCIGZPNO-YFKPBYRVSA-N	HNDVDQJCIGZPNO
2171	0	0	0	his-L	HNDVDQJCIGZPNO-YFKPBYRVSA-N	HNDVDQJCIGZPNO
2206	0	0	0	met-L	FFEARJCKVFRZRR-BYPYZUCNSA-N	FFEARJCKVFRZRR
2217	0	1	0		COLNVLDHVKWLRT-QMMMGPOBSA-N	COLNVLDHVKWLRT
2219	0	0	0	citmal	XFTRTWQBIOMVPK-UHFFFAOYSA-N	XFTRTWQBIOMVPK
2232	0	1	0		AYFVYJQAPQTCCC-GBXIJSLDSA-N	AYFVYJQAPQTCCC
2233	0	0	0		JJIHLJJYMXLCOY-BYPYZUCNSA-N	JJIHLJJYMXLCOY
2234	0	0	0		JJIHLJJYMXLCOY-BYPYZUCNSA-N	JJIHLJJYMXLCOY
2235	0	0	0	glu-L	WHUUTDBJXJRKMK-VKHMYHEASA-N	WHUUTDBJXJRKMK
2242	0	0	0	lys-L	KDXKERNSBIXSRK-YFKPBYRVSA-N	KDXKERNSBIXSRK
2244	0	1	1		IPWKGIFRRBGCJO-IMJSIDKUSA-N	IPWKGIFRRBGCJO
2245	0	0	0	gln-L	ZDXPYRJPNDTMRX-VKHMYHEASA-N	ZDXPYRJPNDTMRX
2249	0	0	0	akg	KPGXRSRHYNQIFN-UHFFFAOYSA-N	KPGXRSRHYNQIFN
2252	0					
2255	0					
2256	0					
2269	0	0	0	ethamp	SUHOOTKUPISOBE-UHFFFAOYSA-N	SUHOOTKUPISOBE
2276	0					
2289	0	0	0		JPIJQSOTBSSVTP-PWNYCUMCSA-N	JPIJQSOTBSSVTP
2296	0					
2297	0	0	0	ade	GFFGJBXGBJISGV-UHFFFAOYSA-N	GFFGJBXGBJISGV
2298	0	0	0		GFFGJBXGBJISGV-UHFFFAOYSA-N	GFFGJBXGBJISGV
2306	0					
2308	0	0	0	mal-L	BJEPYKJPYRNKOW-REOHCLBHSA-N	BJEPYKJPYRNKOW
2318	0					
2319	0	0	0	asp-L	CKLJMWTZIZZHCS-REOHCLBHSA-N	CKLJMWTZIZZHCS
2320	0					
2325	0	1	0		ODKSFYDXXFIFQN-BYPYZUCNSA-N	ODKSFYDXXFIFQN
2328	0	0	0	asn-L	DCXYFEDJOCDNAF-REOHCLBHSA-N	DCXYFEDJOCDNAF
2329	0					
2335	0	0	0		KTHDTJVBEPMMGL-VKHMYHEASA-N	KTHDTJVBEPMMGL
2336	0	0	0		KTHDTJVBEPMMGL-VKHMYHEASA-N	KTHDTJVBEPMMGL
2338	0					
2347	0					
2348	0	0	0		XVOUMQNXTGKGMA-OWOJBTEDSA-N	XVOUMQNXTGKGMA
2352	0	1	0		WHUUTDBJXJRKMK-VKHMYHEASA-N	WHUUTDBJXJRKMK
2353	0					
2354	0	0	0		ODHCTXKNWHHXJC-VKHMYHEASA-N	ODHCTXKNWHHXJC
2362	0					
2365	0	1	0		ZDXPYRJPNDTMRX-VKHMYHEASA-N	ZDXPYRJPNDTMRX
2366	0	0	0		RWQNBRDOKXIBIV-UHFFFAOYSA-N	RWQNBRDOKXIBIV
2391	0	0	0	eryth-D	UNXHWFMMPAWVPI-ZXZARUISSA-N	UNXHWFMMPAWVPI
2399	0					
2404	0	0	0	thr-L	AYFVYJQAPQTCCC-GBXIJSLDSA-N	AYFVYJQAPQTCCC
2406	0	0	0		VEXDRERIMPLZLU-QWWZWVQMSA-N	VEXDRERIMPLZLU
2408	0	0	0	val-L	KZSNJWFQEVHDMF-BYPYZUCNSA-N	KZSNJWFQEVHDMF
2417	0	0	0	pro-L	ONIBWKKTOPOVIA-BYPYZUCNSA-N	ONIBWKKTOPOVIA
2423	0	1	0		DCXYFEDJOCDNAF-REOHCLBHSA-N	DCXYFEDJOCDNAF
2424	0					
2425	0					
2430	0	0	0		ISAKRJDGNUQOIC-UHFFFAOYSA-N	ISAKRJDGNUQOIC
2431	0	0	0		IHCCAYCGZOLTEU-UHFFFAOYSA-N	IHCCAYCGZOLTEU
2438	0	1	0		ZDXPYRJPNDTMRX-VKHMYHEASA-N	ZDXPYRJPNDTMRX
2445	0	0	0	ser-L	MTCFGRXMJLQNBG-REOHCLBHSA-N	MTCFGRXMJLQNBG
2450	0	0	0	4abut	BTCSSZJGUNDROE-UHFFFAOYSA-N	BTCSSZJGUNDROE
2504	0	0	0		JVTAAEKCZFNVCJ-REOHCLBHSA-N	JVTAAEKCZFNVCJ
2511	0	0	0	ala-L	QNAYBMKLOCPYGJ-REOHCLBHSA-N	QNAYBMKLOCPYGJ
2531	0	0	0	gly	DHMQDGOQFOQNFH-UHFFFAOYSA-N	DHMQDGOQFOQNFH
2533	0					
2536	0	1	0		AYFVYJQAPQTCCC-GBXIJSLDSA-N	AYFVYJQAPQTCCC
2539	0	1	0		DCXYFEDJOCDNAF-REOHCLBHSA-N	DCXYFEDJOCDNAF
2611	1		0			
2665	1		0			
2715	1		0			
2723	1		0			
2729	1		0			
2732	1		0			
2771	1		0			
2774	1		0			
2788	1		0			
2799	1		0			
2802	1		0			
2806	1		0			
2808	1		0			
2815	1		0			
2846	1		0			
2860	1		0			
2890	1		0			
2910	1		0			
2920	1		0			
2924	1		0			
2930	1		0			
2963	1		0			
2979	1		0			
3013	1		0			
3024	1		0			
3025	1		0			
3026	1		0			
3037	1		0			
3038	1		0			
3068	1		0			
3075	1		0			
3084	1		0			
3147	0					
3161	1		0			
3162	1		0			
3167	1		0			
3168	1		0			
3169	1					
3175	1		0			
3179	1		0			
3180	1		0			
3212	1		0			
3213	1		0			
3267	1		0			
3274	1		0			
3289	1		0			
3290	1		0			
3299	1		0			
3327	0	0	0	nad	BAWFJGJZGIEFAR-NNYOXOHSSA-N	BAWFJGJZGIEFAR
3354	1		0			
3362	1		0			
3372	1		0			
3378	1		0			
3379	1		0			
3402	0	1	0		YPZRWBKMTBYPTK-BJDJZHNGSA-N	YPZRWBKMTBYPTK
3454	0					
3463	1		0			
3484	0	1	0		RWSXRVCMGQZWBV-WDSKDSINSA-N	RWSXRVCMGQZWBV
3486	0					
3491	0	0	0	gthox	YPZRWBKMTBYPTK-BJDJZHNGSA-N	YPZRWBKMTBYPTK
3493	0	1	0		COLNVLDHVKWLRT-QMMMGPOBSA-N	COLNVLDHVKWLRT
3495	0					
3513	0	0	0		LFTYTUAZOPRMMI-CFRASDGPSA-N	LFTYTUAZOPRMMI
3520	1		0			
3527	1		0			
3538	1		0			
3545	1		0			
3549	0	0	0		HDYANYHVCAPMJV-LXQIFKJMSA-N	HDYANYHVCAPMJV
3566	0	1	0		ZDXPYRJPNDTMRX-VKHMYHEASA-N	ZDXPYRJPNDTMRX
3583	0					
3619	1		0			
3628	1		0			
3651	0	0	0		HSCJRCZFDFQWRP-JZMIEXBBSA-N	HSCJRCZFDFQWRP
3652	0	1	0		AYFVYJQAPQTCCC-GBXIJSLDSA-N	AYFVYJQAPQTCCC
3696	0					
3739	0	1				
3749	0	0	0		BQOHYSXSASDCEA-UHFFFAOYSA-N	BQOHYSXSASDCEA
3761	1		0			
3768	1		0			
3786	0	1	0		ROHFNLRQFUQHCH-YFKPBYRVSA-N	ROHFNLRQFUQHCH
3842	1		0			
3850	1		0			
3851	1		0			
3870	0	1	0		RWSXRVCMGQZWBV-WDSKDSINSA-N	RWSXRVCMGQZWBV
3905	1		0			
3924	1		0			
3925	1		0			
3928	0	0	0	atp	ZKHQWZAMYRWXGA-KQYNXXCUSA-N	ZKHQWZAMYRWXGA
3936	1		0			
3937	1		0			
3954	1		0			
3998	1		0			
3999	1		0			
4005	1		0			
4006	1		0			
4041	0	0	0		PGAVKCOVUIYSFO-XVFCMESISA-N	PGAVKCOVUIYSFO
4061	1		0			
4062	1		0			
4063	1		0			
4076	1		0			
4077	1		0			
4124	1		0			
4125	1		0			
4136	1		0			
4162	0					
4185	0					
4195	1		0			
4203	1		0			
4204	1		0			
4229	0	0	0		WVIMUEUQJFPNDK-PEBGCTIMSA-N	WVIMUEUQJFPNDK
4245	0	0	0	gdp	QGWNDRXFNXRZMB-UUOKFMHZSA-N	QGWNDRXFNXRZMB
4264	1		0			
4277	1		0			
4278	1		0			
4331	0	0	0	adp	XTWYTFMLZFPYCI-KQYNXXCUSA-N	XTWYTFMLZFPYCI
4335	0	1			ROHFNLRQFUQHCH-YFKPBYRVSA-N	ROHFNLRQFUQHCH
4352	0					
4430	0	0	0	udp	XCCTYIAWTASOJW-XVFCMESISA-N	XCCTYIAWTASOJW
4431	0					
4438	0	0	0	cdp	ZWIADYZPOWUWEW-XVFCMESISA-N	ZWIADYZPOWUWEW
4452	0					
4469	0	0	0	amet	MEFKEPWMEQBLKI-AIRLBKTGSA-O	MEFKEPWMEQBLKI
4514	1		0			
4546	0	0	0	ahcys	ZJUKTBDSGOFHSH-WFMPWKQPSA-N	ZJUKTBDSGOFHSH
4554	0					
4558	0					
4584	0	0	0	lgt-S	VDYDCVUWILIYQF-CSMHCCOUSA-N	VDYDCVUWILIYQF
4597	0	1	0		COLNVLDHVKWLRT-QMMMGPOBSA-N	COLNVLDHVKWLRT
4608	0					
4656	0	0	0		RZJHOCXJFBBOAY-LCGIIJARSA-N	RZJHOCXJFBBOAY
4658	0	1	0		GAQNUGISBQJMKO-UHFFFAOYSA-N	GAQNUGISBQJMKO
4660	0	1	0		HNDVDQJCIGZPNO-YFKPBYRVSA-N	HNDVDQJCIGZPNO
4671	0					
4697	0					
4713	0					
4726	0	1	0		ZDXPYRJPNDTMRX-VKHMYHEASA-N	ZDXPYRJPNDTMRX
4742	0					
4745	0	1	0		RWSXRVCMGQZWBV-WDSKDSINSA-N	RWSXRVCMGQZWBV
4761	1		0			
4777	0					
4788	0	0	0		UDMBCSSLTHHNCD-KQYNXXCUSA-N	UDMBCSSLTHHNCD
4809	0	1	0		ROHFNLRQFUQHCH-YFKPBYRVSA-N	ROHFNLRQFUQHCH
4830	0	1	0		ROHFNLRQFUQHCH-YFKPBYRVSA-N	ROHFNLRQFUQHCH
4855	0	0	0		RNBGYGVWRKECFJ-ARQDHWQXSA-N	RNBGYGVWRKECFJ
4862	0					
4864	0	0	0		DMAPAHUEYHXRFI-WDSKDSINSA-N	DMAPAHUEYHXRFI
4868	1		0			
4889	0	0	0		YTTRPBWEMMPYSW-HRRFRDKFSA-N	YTTRPBWEMMPYSW
4902	0					
4903	0					
4904	0					
4905	0					
4920	0					
4934	0					
4937	0					
4939	0					
4945	0					
4954	0	0	1		FSXRLASFHBWESK-HOTGVXAUSA-N	FSXRLASFHBWESK
4987	0	1	0		RWSXRVCMGQZWBV-WDSKDSINSA-N	RWSXRVCMGQZWBV
4989	0	0	0	cmp	IERHLVCPSMICTF-XVFCMESISA-N	IERHLVCPSMICTF
5006	0	0	0		GAQNUGISBQJMKO-UHFFFAOYSA-N	GAQNUGISBQJMKO
5013	0					
5014	0					
5018	0					
5081	1		0			
5086	0	1	0		RWSXRVCMGQZWBV-WDSKDSINSA-N	RWSXRVCMGQZWBV
5090	0	0	0		OQWIKYXFAZAALW-FMDYKLJDSA-N	OQWIKYXFAZAALW
5091	0	0	0		OQWIKYXFAZAALW-FMDYKLJDSA-N	OQWIKYXFAZAALW
5092	0	0	0	acnam	SQVRNKJHWKZAKO-PFQGKNLYSA-N	SQVRNKJHWKZAKO
5100	0	0	0		DLQBKXFYWNLEHM-NNBAOJFJSA-N	DLQBKXFYWNLEHM
5108	0	0	0	gthrd	RWSXRVCMGQZWBV-WDSKDSINSA-N	RWSXRVCMGQZWBV
5119	0	0	0		DBUNZBWUWCIELX-JHEQGTHGSA-N	DBUNZBWUWCIELX
5122	0					
5128	0	0	0		OPVPGKGADVGKTG-BQBZGAKWSA-N	OPVPGKGADVGKTG
5169	1		0			
5173	0					
5188	0	0	0	5mta	WUUGFSXJNOTRMR-IOSLPCCCSA-N	WUUGFSXJNOTRMR
5205	0					
5214	0	0	1		LHSGPCFBGJHPCY-UHFFFAOYSA-N	LHSGPCFBGJHPCY
5216	0	0			WOKKTAUHZLACEW-WLWULQTJSA-N	WOKKTAUHZLACEW
5223	0	0	0		KGTRBDVOUPALMB-PPNLDZOPSA-N	KGTRBDVOUPALMB
5240	0	1	0		RWSXRVCMGQZWBV-WDSKDSINSA-N	RWSXRVCMGQZWBV
5253	0	0	0	argsuc	KDZOASGQNOPSCU-WDSKDSINSA-N	KDZOASGQNOPSCU
5266	0	0	1		WYBVBIHNJWOLCJ-IUCAKERBSA-N	WYBVBIHNJWOLCJ
5285	1		0			
5288	0	0	1		HKTRDWYCAUTRRL-YUMQZZPRSA-N	HKTRDWYCAUTRRL
5301	0	0	0	gsn	NYHBQMYGNKIUIF-UUOKFMHZSA-N	NYHBQMYGNKIUIF
5319	0	0	0		JUBGLICOZRKBCO-KNWYLTHMSA-N	JUBGLICOZRKBCO
5320	0	0	0		JUBGLICOZRKBCO-KNWYLTHMSA-N	JUBGLICOZRKBCO
5333	0					
5334	0					
5347	0	0	1		KFKWRHQBZQICHA-STQMWFEESA-N	KFKWRHQBZQICHA
5359	0					
5368	0	0	0		KOSRFJWDECSPRO-WDSKDSINSA-N	KOSRFJWDECSPRO
5369	0	0			KOSRFJWDECSPRO-WDSKDSINSA-N	KOSRFJWDECSPRO
5377	0	0	1		MGHKSHCBDXNTHX-WDSKDSINSA-N	MGHKSHCBDXNTHX
5384	0	0	1		LOJYQMFIIJVETK-WDSKDSINSA-N	LOJYQMFIIJVETK
5390	0	0	1		DAQIJMOLTMGJLO-YUMQZZPRSA-N	DAQIJMOLTMGJLO
5403	1		0			
5409	0	0	1		LQJAALCCPOTJGB-YUMQZZPRSA-N	LQJAALCCPOTJGB
5421	0					
5438	0	0	0	ins	UGQMRVRMYYASKQ-KQYNXXCUSA-N	UGQMRVRMYYASKQ
5449	0	0	0	adn	OIRDTQYFTABQOQ-KQYNXXCUSA-N	OIRDTQYFTABQOQ
5450	0	0	0		ISUZMGFWYXNHON-MBGOVIFWSA-N	ISUZMGFWYXNHON
5451	0					
5473	0	0	1		IEHDJWSAXBGJIP-RYUDHWBXSA-N	IEHDJWSAXBGJIP
5479	0	1	0		RWSXRVCMGQZWBV-WDSKDSINSA-N	RWSXRVCMGQZWBV
5487	0	0	1		NTISAKGPIGTIJJ-UHFFFAOYSA-N	NTISAKGPIGTIJJ
5488	0					
5491	0	0	1		CKAJHWFHHFSCDT-UHFFFAOYSA-N	CKAJHWFHHFSCDT
5505	0	1	0		YPZRWBKMTBYPTK-BJDJZHNGSA-N	YPZRWBKMTBYPTK
5509	0	1	0		YBAFDPFAUTYYRW-YUMQZZPRSA-N	YBAFDPFAUTYYRW
5517	0	0	0		NBSCHQHZLSJFNQ-GASJEMHNSA-N	NBSCHQHZLSJFNQ
5518	0	0	0	g6p	NBSCHQHZLSJFNQ-GASJEMHNSA-N	NBSCHQHZLSJFNQ
5523	0	0	1		UWBDLNOCIDGPQE-UHFFFAOYSA-N	UWBDLNOCIDGPQE
5532	0	0	0		ZWZWYGMENQVNFU-UHFFFAOYSA-N	ZWZWYGMENQVNFU
5541	0	0	0		IJOJIVNDFQSGAB-SQOUGZDYSA-N	IJOJIVNDFQSGAB
5549	0	0	0	g3pc	SUHOQUVVVLNYQR-MRVPVSSYSA-N	SUHOQUVVVLNYQR
5550	0					
5575	0					
5579	0	0	0		JLEBZPBDRKPWTD-TURQNECASA-O	JLEBZPBDRKPWTD
5597	0	1	0		QIVBCDIJIAJPQS-VIFPVBQESA-N	QIVBCDIJIAJPQS
5608	0	1	0		BAWFJGJZGIEFAR-NNYOXOHSSA-N	BAWFJGJZGIEFAR
5619	0					
5620	0	0	0		RITKHVBHSGLULN-WHFBIAKZSA-N	RITKHVBHSGLULN
5630	0	0	0		OIRDTQYFTABQOQ-KQYNXXCUSA-N	OIRDTQYFTABQOQ
5639	0	0	1		BJFJQOMZCSHBMY-UHFFFAOYSA-N	BJFJQOMZCSHBMY
5640	0	0	1		JSIQVRIXMINMTA-ZDLURKLDSA-N	JSIQVRIXMINMTA
5641	0	0	1		FRYULLIZUDQONW-UHFFFAOYSA-N	FRYULLIZUDQONW
5649	0	0	1		HZYFHQOWCFUSOV-IMJSIDKUSA-N	HZYFHQOWCFUSOV
5656	0	0	0		IOUCKFLDYLOCRN-UHFFFAOYSA-N	IOUCKFLDYLOCRN
5660	0					
5664	0	0	0		PHVOESLXWCYNKT-VIFPVBQESA-N	PHVOESLXWCYNKT
5665	0	0	0		RKWIFCMMEVKMFV-VIFPVBQESA-N	RKWIFCMMEVKMFV
5666	0	0	1		YQAIUOWPSUOINN-IUCAKERBSA-N	YQAIUOWPSUOINN
5667	0	0	0		IGQBPDJNUXPEMT-UHFFFAOYSA-N	IGQBPDJNUXPEMT
5669	0	0	1		SITWEMZOJNKJCH-WDSKDSINSA-N	SITWEMZOJNKJCH
5681	0	0	1		UWBDLNOCIDGPQE-UHFFFAOYSA-N	UWBDLNOCIDGPQE
5682	0	0	1		UWBDLNOCIDGPQE-UHFFFAOYSA-N	UWBDLNOCIDGPQE
5684	0	0	1		YBTCBQBIJKGSJP-BQBZGAKWSA-N	YBTCBQBIJKGSJP
5686	0					
5687	0					
5690	0					
5698	0	0	1		NJMYZEJORPYOTO-BQBZGAKWSA-N	NJMYZEJORPYOTO
5703	0					
5710	0	1	0		NBSCHQHZLSJFNQ-GASJEMHNSA-N	NBSCHQHZLSJFNQ
5711	0	0	0		SXHMVNXROAUURW-FTYOSCRSSA-N	SXHMVNXROAUURW
5724	0					
5768	0	0	1		OMNVYXHOSHNURL-WPRPVWTQSA-N	OMNVYXHOSHNURL
5772	0	0	0		BYHJHXPTQMMKCA-QMMMGPOBSA-N	BYHJHXPTQMMKCA
5776	0					
5790	0	0	1		LAFKUZYWNCHOHT-WHFBIAKZSA-N	LAFKUZYWNCHOHT
5808	0					
5818	0					
5826	0	1	0		RWSXRVCMGQZWBV-WDSKDSINSA-N	RWSXRVCMGQZWBV
5829	0	0			LRCNOZRCYBNMEP-SECBINFHSA-O	LRCNOZRCYBNMEP
5830	0	0	0		LRCNOZRCYBNMEP-SECBINFHSA-O	LRCNOZRCYBNMEP
5833	0	0	1		MDSUKZSLOATHMH-UHFFFAOYSA-N	MDSUKZSLOATHMH
5834	0	0	1		MDSUKZSLOATHMH-UHFFFAOYSA-N	MDSUKZSLOATHMH
5835	0					
5837	0	1	0		KDXKERNSBIXSRK-YFKPBYRVSA-N	KDXKERNSBIXSRK
5838	0					
5857	0	0	1		VTJUNIYRYIAIHF-IUCAKERBSA-N	VTJUNIYRYIAIHF
5862	0	0			ONPXCLZMBSJLSP-CSMHCCOUSA-N	ONPXCLZMBSJLSP
5872	0					
5888	0	0	0	carn	CQOVPNPJLQNMDC-ZETCQYMHSA-N	CQOVPNPJLQNMDC
5892	1		0			
5919	0					
5928	0	0	0	cyst-L	ILRYLPWNYFXEMH-WHFBIAKZSA-N	ILRYLPWNYFXEMH
5935	0	0	0	acgam	OVRNDRQMDRJTHS-RTRLPJTCSA-N	OVRNDRQMDRJTHS
5947	0	0	0		LDCYZAJDBXYCGN-VIFPVBQESA-N	LDCYZAJDBXYCGN
5948	0	0	1		DWBZEJHQQIURML-UHFFFAOYSA-N	DWBZEJHQQIURML
5963	0	0	1		CKHWEVXPLJBEOZ-VQVTYTSYSA-N	CKHWEVXPLJBEOZ
5967	0	0	0		MVAWJSIDNICKHF-UHFFFAOYSA-N	MVAWJSIDNICKHF
5969	0	0	1		JZDHUJAFXGNDSB-WHFBIAKZSA-N	JZDHUJAFXGNDSB
5981	0	0	1		RDIKFPRVLJLMER-BQBZGAKWSA-N	RDIKFPRVLJLMER
5991	0	0	0		SNEIUMQYRCDYCH-LURJTMIESA-N	SNEIUMQYRCDYCH
6025	0					
6086	0	0	0	Lkynr	YGPSJZOEDVAXAB-QMMMGPOBSA-N	YGPSJZOEDVAXAB
6095	0					
6109	0	0	1		LDEBVRIURYMKQS-WISUUJSJSA-N	LDEBVRIURYMKQS
6119	0					
6132	0	0	1		XAEWTDMGFGHWFK-IMJSIDKUSA-N	XAEWTDMGFGHWFK
6133	0	0	0		KKPWOCSGTDIOHE-UHFFFAOYSA-N	KKPWOCSGTDIOHE
6134	0					
6140	0	0	0		RDHQFKQIGNGIED-MRVPVSSYSA-O	RDHQFKQIGNGIED
6141	0	1	0		OVRNDRQMDRJTHS-RTRLPJTCSA-N	OVRNDRQMDRJTHS
6142	0	1	0		OVRNDRQMDRJTHS-RTRLPJTCSA-N	OVRNDRQMDRJTHS
6148	0	0	0		YDGMGEXADBMOMJ-LURJTMIESA-N	YDGMGEXADBMOMJ
6149	0	0	1		RDIKFPRVLJLMER-BQBZGAKWSA-N	RDIKFPRVLJLMER
6152	0					
6157	0					
6174	0					
6193	0					
6194	0	0	0		KBOJOGQFRVVWBH-ZETCQYMHSA-N	KBOJOGQFRVVWBH
6195	0	0	0		JZNWSCPGTDBMEW-UHFFFAOYSA-N	JZNWSCPGTDBMEW
6210	0					
6249	0	0	0		XUYPXLNMDZIRQH-LURJTMIESA-N	XUYPXLNMDZIRQH
6250	0	0	0	acmet-L	XUYPXLNMDZIRQH-LURJTMIESA-N	XUYPXLNMDZIRQH
6258	0	0	1		JHFNSBBHKSZXKB-UHFFFAOYSA-N	JHFNSBBHKSZXKB
6259	0	0	1		JHFNSBBHKSZXKB-UHFFFAOYSA-N	JHFNSBBHKSZXKB
6260	0					
6261	0					
6268	0	0	0	acglu	RFMMMVDNIPUKGG-YFKPBYRVSA-N	RFMMMVDNIPUKGG
6269	0	0	0	tmlys	MXNRLFUSFKVQSK-QMMMGPOBSA-N	MXNRLFUSFKVQSK
6273	0					
6274	0	0	1		HSRXSKHRSXRCFC-WDSKDSINSA-N	HSRXSKHRSXRCFC
6280	0	0	0		KSMRODHGGIIXDV-YFKPBYRVSA-N	KSMRODHGGIIXDV
6284	0	0	0		MQTAVJHICJWXBR-UHFFFAOYSA-N	MQTAVJHICJWXBR
6288	0	1	0		QIVBCDIJIAJPQS-VIFPVBQESA-N	QIVBCDIJIAJPQS
6290	0					
6299	0	0	0		MGEFGYONNZYSPY-UHFFFAOYSA-N	MGEFGYONNZYSPY
6318	0	0	0	pser-L	BZQFBWGGLXLEPQ-REOHCLBHSA-N	BZQFBWGGLXLEPQ
6319	0					
6322	0	1				
6331	0					
6335	0	1				
6343	0	1	0		OUYCCCASQSFEME-QMMMGPOBSA-N	OUYCCCASQSFEME
6360	0	1	0		HNDVDQJCIGZPNO-YFKPBYRVSA-N	HNDVDQJCIGZPNO
6371	0	0	0		MSWZFWKMSRAUBD-IVMDWMLBSA-N	MSWZFWKMSRAUBD
6377	0	1	0		HNDVDQJCIGZPNO-YFKPBYRVSA-N	HNDVDQJCIGZPNO
6378	0	1	0		RWSXRVCMGQZWBV-WDSKDSINSA-N	RWSXRVCMGQZWBV
6393	0	0	1		IPWKGIFRRBGCJO-IMJSIDKUSA-N	IPWKGIFRRBGCJO
6400	0	0	0	citr-L	RHGKLRLOHDJJDR-BYPYZUCNSA-N	RHGKLRLOHDJJDR
6404	0					
6405	0					
6408	0	0	0	arg-L	ODKSFYDXXFIFQN-BYPYZUCNSA-N	ODKSFYDXXFIFQN
6411	0	1	0		QIVBCDIJIAJPQS-VIFPVBQESA-N	QIVBCDIJIAJPQS
6412	0	0	0	acasn-L	HXFOXFJUNFFYMO-BYPYZUCNSA-N	HXFOXFJUNFFYMO
6415	0					
6417	0					
6420	0					
6423	0	1	0		QIVBCDIJIAJPQS-VIFPVBQESA-N	QIVBCDIJIAJPQS
6432	0					
6433	0					
6439	0	0	0	glyc3p	AWUCVROLDVIAJX-GSVOUGTGSA-N	AWUCVROLDVIAJX
6452	0					
6462	0	1	0		WHUUTDBJXJRKMK-VKHMYHEASA-N	WHUUTDBJXJRKMK
6463	0	0				
6472	0	0	0		BRMWTNUJHUMWMS-LURJTMIESA-N	BRMWTNUJHUMWMS
6504	0	0	0		YCFJXOFFQLPCHD-UHFFFAOYSA-N	YCFJXOFFQLPCHD
6505	0	0	0		YCFJXOFFQLPCHD-UHFFFAOYSA-N	YCFJXOFFQLPCHD
6507	0	1	0		OVRNDRQMDRJTHS-RTRLPJTCSA-N	OVRNDRQMDRJTHS
6524	0	0	0		QEFRNWWLZKMPFJ-YGVKFDHGSA-N	QEFRNWWLZKMPFJ
6525	0	1	0		FFEARJCKVFRZRR-BYPYZUCNSA-N	FFEARJCKVFRZRR
6536	0	1	0		OUYCCCASQSFEME-QMMMGPOBSA-N	OUYCCCASQSFEME
6547	0					
6559	0	0	0	L2aadp	OYIFNHCXNCRBQI-BYPYZUCNSA-N	OYIFNHCXNCRBQI
6561	0					
6579	0	1	0		QIVBCDIJIAJPQS-VIFPVBQESA-N	QIVBCDIJIAJPQS
6580	0	0	0		WHOOUMGHGSPMGR-UHFFFAOYSA-N	WHOOUMGHGSPMGR
6621	0	0	0	his-L	HNDVDQJCIGZPNO-YFKPBYRVSA-N	HNDVDQJCIGZPNO
6627	0					
6644	0	0	0		UYTPUPDQBNUYGX-UHFFFAOYSA-N	UYTPUPDQBNUYGX
6660	0	0	0	met-L	FFEARJCKVFRZRR-BYPYZUCNSA-N	FFEARJCKVFRZRR
6668	0	1	0		COLNVLDHVKWLRT-QMMMGPOBSA-N	COLNVLDHVKWLRT
6683	0	0	0	glu-L	WHUUTDBJXJRKMK-VKHMYHEASA-N	WHUUTDBJXJRKMK
6684	0	1	0		FFEARJCKVFRZRR-BYPYZUCNSA-N	FFEARJCKVFRZRR
6685	0					
6696	0	0	0	lys-L	KDXKERNSBIXSRK-YFKPBYRVSA-N	KDXKERNSBIXSRK
6698	0	0	0	gln-L	ZDXPYRJPNDTMRX-VKHMYHEASA-N	ZDXPYRJPNDTMRX
6706	0					
6708	0					
6709	0	0	0		OIPILFWXSMYKGL-UHFFFAOYSA-N	OIPILFWXSMYKGL
6710	0	0	0	4tmeabutn	JHPNVNIEXXLNTR-UHFFFAOYSA-N	JHPNVNIEXXLNTR
6712	0	0	0		TUHVEAJXIMEOSA-UHFFFAOYSA-N	TUHVEAJXIMEOSA
6713	0	1	0		ODKSFYDXXFIFQN-BYPYZUCNSA-N	ODKSFYDXXFIFQN
6714	0	1	0		AYFVYJQAPQTCCC-GBXIJSLDSA-N	AYFVYJQAPQTCCC
6715	0	1	0		QIVBCDIJIAJPQS-VIFPVBQESA-N	QIVBCDIJIAJPQS
6716	0					
6719	0	0	0		RMOIHHAKNOFHOE-UHFFFAOYSA-N	RMOIHHAKNOFHOE
6730	0	1	0		QIVBCDIJIAJPQS-VIFPVBQESA-N	QIVBCDIJIAJPQS
6734	0					
6754	0	0	0	ethamp	SUHOOTKUPISOBE-UHFFFAOYSA-N	SUHOOTKUPISOBE
6756	0	1				
6783	0					
6795	0	0	0	hxan	FDGQSTZJBFJUBT-UHFFFAOYSA-N	FDGQSTZJBFJUBT
6796	0	0	0		FDGQSTZJBFJUBT-UHFFFAOYSA-N	FDGQSTZJBFJUBT
6804	0	0	0		GFFGJBXGBJISGV-UHFFFAOYSA-N	GFFGJBXGBJISGV
6805	0	0	0		GFFGJBXGBJISGV-UHFFFAOYSA-N	GFFGJBXGBJISGV
6806	0	0	0	ade	GFFGJBXGBJISGV-UHFFFAOYSA-N	GFFGJBXGBJISGV
6819	0					
6829	0					
6830	0					
6835	0	0	0	asp-L	CKLJMWTZIZZHCS-REOHCLBHSA-N	CKLJMWTZIZZHCS
6838	0					
6843	0	0	0	orn	AHLPHDHHMVZTML-BYPYZUCNSA-N	AHLPHDHHMVZTML
6849	0	0	0	asn-L	DCXYFEDJOCDNAF-REOHCLBHSA-N	DCXYFEDJOCDNAF
6850	0	1	0		FFEARJCKVFRZRR-BYPYZUCNSA-N	FFEARJCKVFRZRR
6857	0	0	0	leu-L	ROHFNLRQFUQHCH-YFKPBYRVSA-N	ROHFNLRQFUQHCH
6858	0	1	0		QIVBCDIJIAJPQS-VIFPVBQESA-N	QIVBCDIJIAJPQS
6859	0					
6862	0					
6872	0	0	0	aprut	KLZGKIDSEJWEDW-UHFFFAOYSA-N	KLZGKIDSEJWEDW
6877	0					
6891	0	1	0		KDXKERNSBIXSRK-YFKPBYRVSA-N	KDXKERNSBIXSRK
6893	0					
6896	0	1	0		ZDXPYRJPNDTMRX-VKHMYHEASA-N	ZDXPYRJPNDTMRX
6907	0					
6927	0	1	0		KDXKERNSBIXSRK-YFKPBYRVSA-N	KDXKERNSBIXSRK
6936	0	1	0		ODKSFYDXXFIFQN-BYPYZUCNSA-N	ODKSFYDXXFIFQN
6938	0					
6946	0					
6976	0	1	0		OUYCCCASQSFEME-QMMMGPOBSA-N	OUYCCCASQSFEME
7004	0	1	0		COLNVLDHVKWLRT-QMMMGPOBSA-N	COLNVLDHVKWLRT
7006	0					
7007	0	0	0	thr-L	AYFVYJQAPQTCCC-GBXIJSLDSA-N	AYFVYJQAPQTCCC
7017	0	1	0		OUYCCCASQSFEME-QMMMGPOBSA-N	OUYCCCASQSFEME
7021	0	0	0	val-L	KZSNJWFQEVHDMF-BYPYZUCNSA-N	KZSNJWFQEVHDMF
7025	0					
7041	0	0	0	pro-L	ONIBWKKTOPOVIA-BYPYZUCNSA-N	ONIBWKKTOPOVIA
7064	0					
7072	0	1	0		ZDXPYRJPNDTMRX-VKHMYHEASA-N	ZDXPYRJPNDTMRX
7084	0	1	0		HNDVDQJCIGZPNO-YFKPBYRVSA-N	HNDVDQJCIGZPNO
7096	0	1	0		COLNVLDHVKWLRT-QMMMGPOBSA-N	COLNVLDHVKWLRT
7102	0	1			JJIHLJJYMXLCOY-BYPYZUCNSA-N	JJIHLJJYMXLCOY
